{"cameraMode":{"drawMode":0,"name":"Shaded","section":"Shading Mode"},"sceneLighting":false,"audioPlay":false,"sceneViewState":{"m_AlwaysRefresh":false,"showFog":true,"showSkybox":false,"showFlares":true,"showImageEffects":true,"showParticleSystems":true,"showVisualEffectGraphs":true,"m_FxEnabled":true},"in2DMode":false,"pivot":{"x":540.5555419921875,"y":331.9853210449219,"z":4.68658447265625},"rotation":{"x":0.03929874300956726,"y":-0.005684522911906242,"z":0.00022399458975996822,"w":0.9992154240608215},"size":114.62195587158203,"orthographic":false}